size,time
32,1.4136999999999997
64,2.5633000000000004
128,2.5768000000000004
256,2.7461
512,4.8252
1024,15.717299999999998
2048,45.2683
4096,191.55299999999997
8192,791.2130999999999
